Model,MAE,RMSE,R2 Score
Linear Regression,10.7042730791915,17.37098956972873,0.9620342768024225
Random Forest,0.5796392380332136,2.323154708998951,0.9993209545826554
